_id,task_id,titulo,descricao,prioridade,user_id,mentorado,area_atuacao,mentor_responsavel,data_criacao,data_inicio,data_conclusao,status_atual,feedback_conclusao_mentorado,createdAt,updatedAt,__v,tempo_conclusao_dias,duracao_em_dias,tempo_no_backlog,meta_dias,Diagnostico,dias_de_atraso
6a2b884993a2aac46c8ba14b,2.0,Testar Scripts de Deploy - Sprint 2,Atividade focada em testar o recurso de scripts de deploy.,alta,6a2b8468cf36b576d237ae6c,Felipe Andrade,QA,Juliana Costa,2026-03-25,2026-03-27,2026-04-02,concluida,Os testes cobriram os cenários críticos de automação. Enfrentei dificuldades com inconsistências nas variáveis de ambiente em staging. Sugiro padronizar o mapeamento dessas chaves no repositório.,,,,8.0,6.0,2.0,9.9,✔️ Entregue,-3.9000000000000004
6a2b884993a2aac46c8ba14f,6.0,Documentar Acessibilidade (WCAG) - Sprint 7,Atividade focada em documentar o recurso de acessibilidade (wcag).,baixa,6a2b84cbcf36b576d237ae6f,Henrique Alves,UX/UIDesigner,Juliana Costa,2026-05-05,2026-05-07,,andamento,,,,,,24.0,2.0,10.2,🔴 Crítico,13.8
6a2b884993a2aac46c8ba150,7.0,Criar API de Login - Sprint 10,Atividade focada em criar o recurso de api de login.,alta,6a2b8445cf36b576d237ae6b,Bruno Costa,DevBack-end,Juliana Costa,2026-05-17,,,pendente,,,,,,14.0,14.0,9.9,🔴 Crítico (Fila),4.1
6a2b884993a2aac46c8ba153,10.0,Criar Dashboard - Sprint 1,Atividade focada em criar o recurso de dashboard.,media,6a2b84eecf36b576d237ae71,Eduarda Souza,DevFront-end,Juliana Costa,2026-03-27,2026-03-29,2026-04-09,concluida,Interface montada conforme o protótipo. O desenvolvimento sofreu atrasos devido à ausência de dados mocados no início da sprint. Sugiro definir o JSON padrão antes de iniciar as telas.,,,,13.0,11.0,2.0,11.4,✔️ Entregue,-0.40000000000000036
6a2b884993a2aac46c8ba15d,20.0,Refatorar Cache em Redis - Sprint 7,Atividade focada em refatorar o recurso de cache em redis.,media,6a2b8445cf36b576d237ae6b,Bruno Costa,DevBack-end,Juliana Costa,2026-03-23,2026-03-25,2026-04-03,concluida,A refatoração limpou chaves redundantes e otimizou o uso de memória RAM do servidor. A atividade seguiu o cronograma planejado sem imprevistos.,,,,11.0,9.0,2.0,11.4,✔️ Entregue,-2.4000000000000004
6a2b884993a2aac46c8ba15f,22.0,Documentar Tabelas no BD - Sprint 6,Atividade focada em documentar o recurso de tabelas no bd.,baixa,6a2b84ddcf36b576d237ae70,Ana Ribeiro,Data Engineer,Juliana Costa,2026-03-20,2026-03-22,2026-04-01,concluida,"Documentação finalizada englobando os esquemas analíticos de dados. Durante a varredura, identifiquei tabelas legadas sem uso. Sugiro agendar uma rotina programada de limpeza no banco de testes.",,,,12.0,10.0,2.0,10.2,✔️ Entregue,-0.1999999999999993
6a2b884993a2aac46c8ba162,25.0,Otimizar Fluxo de Autenticação - Sprint 8,Atividade focada em otimizar o recurso de fluxo de autenticação.,alta,6a2b8501cf36b576d237ae72,Gabriela Pinto,DevMobile,Juliana Costa,2026-05-19,2026-05-19,,andamento,,,,,,12.0,0.0,9.9,🟡 Atrasado,2.0999999999999996
6a2b884993a2aac46c8ba16e,37.0,Otimizar Pipeline CI/CD - Sprint 2,Atividade focada em otimizar o recurso de pipeline ci/cd.,media,6a2b84ddcf36b576d237ae70,Ana Ribeiro,Data Engineer,Juliana Costa,2026-05-10,,,pendente,,,,,,21.0,21.0,11.4,🔴 Crítico (Fila),9.6
6a2b884993a2aac46c8ba173,42.0,Atualizar Exportação de Relatórios - Sprint 2,Atividade focada em atualizar o recurso de exportação de relatórios.,media,6a2b84b4cf36b576d237ae6e,Camila Lopes,Produto,Juliana Costa,2026-03-01,2026-03-04,2026-03-11,concluida,Conseguimos adicionar filtros por data de criação. Identifiquei divergências na formatação de fusos horários por região. Sugiro padronizar todas as datas de entrada no banco no formato UTC.,,,,10.0,7.0,3.0,11.4,✔️ Entregue,-4.4
6a2b884993a2aac46c8ba17a,49.0,Testar Filtros de Busca - Sprint 8,Atividade focada em testar o recurso de filtros de busca.,media,6a2b8468cf36b576d237ae6c,Felipe Andrade,QA,Juliana Costa,2026-03-31,2026-04-01,2026-04-15,concluida,Validamos buscas complexas cruzando múltiplos termos. A paginação apresentou comportamentos instáveis quando ordenada por prioridade decrescente. Sugiro reescrever a paginação utilizando cursores.,,,,15.0,14.0,1.0,11.4,✔️ Entregue,2.5999999999999996
6a2b884993a2aac46c8ba17b,50.0,Criar Pipeline CI/CD - Sprint 7,Atividade focada em criar o recurso de pipeline ci/cd.,alta,6a2b84ddcf36b576d237ae70,Ana Ribeiro,Data Engineer,Juliana Costa,2026-05-25,2026-05-29,,andamento,,,,,,2.0,4.0,9.9,🟢 Dentro do Prazo,-7.9
6a2b884993a2aac46c8ba17d,52.0,Revisar API de Login - Sprint 10,Atividade focada em revisar o recurso de api de login.,alta,6a2b8445cf36b576d237ae6b,Bruno Costa,DevBack-end,Juliana Costa,2026-03-14,2026-03-17,2026-03-30,concluida,"Focamos em testes de segurança contra força bruta. Sob forte requisição, a validação do bcrypt gerou picos extremos de CPU no servidor. Sugiro configurar Rate Limiting via API Gateway.",,,,16.0,13.0,3.0,9.9,✔️ Entregue,3.0999999999999996
6a2b884993a2aac46c8ba187,62.0,Documentar Componentes React - Sprint 7,Atividade focada em documentar o recurso de componentes react.,baixa,6a2b84eecf36b576d237ae71,Eduarda Souza,DevFront-end,Juliana Costa,2026-03-10,2026-03-12,2026-04-01,concluida,Montamos o catálogo descritivo e visual no Storybook. O processo foi simples e a documentação cobriu todos os componentes globais do repositório.,,,,22.0,20.0,2.0,10.2,✔️ Entregue,9.8
6a2b884993a2aac46c8ba18a,65.0,Otimizar Cache em Redis - Sprint 1,Atividade focada em otimizar o recurso de cache em redis.,media,6a2b8445cf36b576d237ae6b,Bruno Costa,DevBack-end,Juliana Costa,2026-05-01,2026-05-04,2026-05-18,concluida,A otimização reduziu pela metade os acessos diretos ao banco transacional nas buscas estáticas. A entrega foi concluída com sucesso e atingiu a meta de performance.,,,,17.0,14.0,3.0,11.4,✔️ Entregue,2.5999999999999996
6a2b884993a2aac46c8ba190,71.0,Ajustar Pipeline CI/CD - Sprint 2,Atividade focada em ajustar o recurso de pipeline ci/cd.,alta,6a2b84ddcf36b576d237ae70,Ana Ribeiro,Data Engineer,Juliana Costa,2026-03-22,2026-03-25,2026-04-05,concluida,Ajustamos o isolamento seguro de chaves sensíveis usando GitHub Secrets. Tive dificuldades iniciais com permissões granulares. Sugiro ter um ambiente isolado de sandbox para testar modificações em pipelines.,,,,14.0,11.0,3.0,9.9,✔️ Entregue,1.0999999999999996
6a2b884993a2aac46c8ba191,72.0,Refatorar Pipeline CI/CD - Sprint 7,Atividade focada em refatorar o recurso de pipeline ci/cd.,media,6a2b84ddcf36b576d237ae70,Ana Ribeiro,Data Engineer,Juliana Costa,2026-03-03,2026-03-04,2026-03-23,concluida,Removemos etapas de compilação redundantes e reorganizamos o fluxo de checagem. O build ficou consideravelmente mais rápido após as mudanças e o comportamento está estável.,,,,20.0,19.0,1.0,11.4,✔️ Entregue,7.6
6a2b884993a2aac46c8ba194,75.0,Atualizar Fluxo de Autenticação - Sprint 10,Atividade focada em atualizar o recurso de fluxo de autenticação.,alta,6a2b8501cf36b576d237ae72,Gabriela Pinto,DevMobile,Juliana Costa,2026-05-03,2026-05-06,2026-05-10,concluida,Atualizamos os endpoints centrais de login para validar novas chaves criptográficas. Os testes garantiram uma transição estável sem desconectar os usuários atuais.,,,,7.0,4.0,3.0,9.9,✔️ Entregue,-5.9
6a2b884993a2aac46c8ba14a,1.0,Otimizar Microsserviços - Sprint 8,Atividade focada em otimizar o recurso de microsserviços.,media,6a2b8445cf36b576d237ae6b,Bruno Costa,DevBack-end,Juliana Costa,2026-05-05,2026-05-07,,andamento,,,,,,24.0,2.0,11.4,🔴 Crítico,12.6
6a2b884993a2aac46c8ba14e,5.0,Ajustar Exportação de Relatórios - Sprint 3,Atividade focada em ajustar o recurso de exportação de relatórios.,media,6a2b84b4cf36b576d237ae6e,Camila Lopes,Produto,Juliana Costa,2026-03-02,2026-03-05,2026-03-19,concluida,Os ajustes visuais foram concluídos no prazo. O processamento de grandes volumes de dados direto na memória causou lentidão. Sugiro mover a lógica para um job assíncrono em segundo plano.,,,,17.0,14.0,3.0,11.4,✔️ Entregue,2.5999999999999996
6a2b884993a2aac46c8ba154,11.0,Atualizar Pipeline CI/CD - Sprint 1,Atividade focada em atualizar o recurso de pipeline ci/cd.,media,6a2b84ddcf36b576d237ae70,Ana Ribeiro,Data Engineer,Juliana Costa,2026-03-04,2026-03-05,2026-03-12,concluida,Otimizamos o tempo total do fluxo de integração de código. A execução foi limpa e todos os estágios rodaram perfeitamente de primeira.,,,,8.0,7.0,1.0,11.4,✔️ Entregue,-4.4
6a2b884993a2aac46c8ba157,14.0,Documentar Tabelas no BD - Sprint 4,Atividade focada em documentar o recurso de tabelas no bd.,baixa,6a2b84ddcf36b576d237ae70,Ana Ribeiro,Data Engineer,Juliana Costa,2026-04-15,2026-04-16,2026-05-01,concluida,"Dicionário de dados atualizado com sucesso no Confluence. O processo foi simples, claro e concluído bem antes do prazo final da sprint.",,,,16.0,15.0,1.0,10.2,✔️ Entregue,4.800000000000001
6a2b884993a2aac46c8ba15e,21.0,Refatorar Microsserviços - Sprint 3,Atividade focada em refatorar o recurso de microsserviços.,media,6a2b8445cf36b576d237ae6b,Bruno Costa,DevBack-end,Juliana Costa,2026-03-26,2026-03-28,2026-04-17,concluida,Eliminamos acoplamentos ruins e centralizamos utilitários genéricos. Houve problemas com picos de latência na comunicação gRPC local. Sugiro realizar ajustes finos nos parâmetros de timeout.,,,,22.0,20.0,2.0,11.4,✔️ Entregue,8.6
6a2b884993a2aac46c8ba165,28.0,Implementar Filtros de Busca - Sprint 3,Atividade focada em implementar o recurso de filtros de busca.,alta,6a2b8501cf36b576d237ae72,Gabriela Pinto,DevMobile,Juliana Costa,2026-05-27,,,pendente,,,,,,4.0,4.0,9.9,⚪ Pendente Normal,-5.9
6a2b884993a2aac46c8ba16c,35.0,Implementar Tabelas no BD - Sprint 5,Atividade focada em implementar o recurso de tabelas no bd.,alta,6a2b84ddcf36b576d237ae70,Ana Ribeiro,Data Engineer,Juliana Costa,2026-05-14,,,pendente,,,,,,17.0,17.0,9.9,🔴 Crítico (Fila),7.1
6a2b884993a2aac46c8ba16d,36.0,Atualizar Gateway de Pagamento - Sprint 9,Atividade focada em atualizar o recurso de gateway de pagamento.,media,6a2b8501cf36b576d237ae72,Gabriela Pinto,DevMobile,Juliana Costa,2026-03-10,2026-03-13,2026-03-29,concluida,A migração da SDK foi implementada. A maior barreira foi a instabilidade crônica no ambiente de Sandbox fornecido pelo parceiro externo. Sugiro desenvolver um mock local das respostas da API.,,,,19.0,16.0,3.0,11.4,✔️ Entregue,4.6
6a2b884993a2aac46c8ba175,44.0,Analisar Componentes React - Sprint 5,Atividade focada em analisar o recurso de componentes react.,baixa,6a2b8496cf36b576d237ae6d,Diego Martins,QA,Juliana Costa,2026-05-03,2026-05-04,2026-05-20,concluida,Análise focada em otimização de performance concluída. Mapeamos os pontos de re-render desnecessários e os gargalos visuais foram todos documentados para a squad de front-end.,,,,17.0,16.0,1.0,10.2,✔️ Entregue,5.800000000000001
6a2b884993a2aac46c8ba177,46.0,Testar Scripts de Deploy - Sprint 2,Atividade focada em testar o recurso de scripts de deploy.,alta,6a2b8496cf36b576d237ae6d,Diego Martins,QA,Juliana Costa,2026-05-03,2026-05-08,,andamento,,,,,,23.0,5.0,9.9,🔴 Crítico,13.1
6a2b884993a2aac46c8ba179,48.0,Analisar Pipeline CI/CD - Sprint 2,Atividade focada em analisar o recurso de pipeline ci/cd.,baixa,6a2b8468cf36b576d237ae6c,Felipe Andrade,QA,Juliana Costa,2026-05-11,,,pendente,,,,,,20.0,20.0,10.2,🔴 Crítico (Fila),9.8
6a2b884993a2aac46c8ba17e,53.0,Refatorar Scripts de Deploy - Sprint 5,Atividade focada em refatorar o recurso de scripts de deploy.,alta,6a2b84ddcf36b576d237ae70,Ana Ribeiro,Data Engineer,Juliana Costa,2026-04-24,2026-04-27,2026-05-16,concluida,"Limpamos as configurações antigas que estavam comentadas nos arquivos. O deploy está mais limpo e rápido, finalizado sem qualquer impedimento.",,,,22.0,19.0,3.0,9.9,✔️ Entregue,9.1
6a2b884993a2aac46c8ba180,55.0,Analisar Acessibilidade (WCAG) - Sprint 7,Atividade focada em analisar o recurso de acessibilidade (wcag).,baixa,6a2b8468cf36b576d237ae6c,Felipe Andrade,QA,Juliana Costa,2026-04-25,2026-04-28,2026-05-13,concluida,A análise apontou problemas de contraste em botões desabilitados e ausência de tags aria-label nas modais. Sugiro incorporar bibliotecas acessíveis por padrão como Radix UI para acelerar a correção.,,,,18.0,15.0,3.0,10.2,✔️ Entregue,4.800000000000001
6a2b884993a2aac46c8ba181,56.0,Analisar Microsserviços - Sprint 6,Atividade focada em analisar o recurso de microsserviços.,baixa,6a2b8496cf36b576d237ae6d,Diego Martins,QA,Juliana Costa,2026-05-26,,,pendente,,,,,,5.0,5.0,10.2,⚪ Pendente Normal,-5.199999999999999
6a2b884993a2aac46c8ba183,58.0,Implementar Fluxo de Autenticação - Sprint 10,Atividade focada em implementar o recurso de fluxo de autenticação.,alta,6a2b8501cf36b576d237ae72,Gabriela Pinto,DevMobile,Juliana Costa,2026-05-09,2026-05-09,,andamento,,,,,,22.0,0.0,9.9,🔴 Crítico,12.1
6a2b884993a2aac46c8ba186,61.0,Ajustar Componentes React - Sprint 2,Atividade focada em ajustar o recurso de componentes react.,alta,6a2b84eecf36b576d237ae71,Eduarda Souza,DevFront-end,Juliana Costa,2026-05-09,2026-05-13,,andamento,,,,,,18.0,4.0,9.9,🟡 Atrasado,8.1
6a2b884993a2aac46c8ba188,63.0,Revisar Acessibilidade (WCAG) - Sprint 4,Atividade focada em revisar o recurso de acessibilidade (wcag).,media,6a2b84cbcf36b576d237ae6f,Henrique Alves,UX/UIDesigner,Juliana Costa,2026-03-24,2026-03-25,2026-04-05,concluida,Revisamos as interações feitas por navegação pelo teclado. O foco visual de seleção se perdia ao fechar menus suspensos. Sugiro mapear e forçar o foco de volta para o botão usando useRef.,,,,12.0,11.0,1.0,11.4,✔️ Entregue,-0.40000000000000036
6a2b884993a2aac46c8ba18d,68.0,Documentar Componentes React - Sprint 4,Atividade focada em documentar o recurso de componentes react.,baixa,6a2b84eecf36b576d237ae71,Eduarda Souza,DevFront-end,Juliana Costa,2026-03-18,2026-03-19,2026-03-22,concluida,Documentamos as propriedades esperadas e casos de uso de inputs globais. A atividade demandou tempo por requerer varredura de código antigo. Sugiro adotar TypeScript para forçar a autodocumentação.,,,,4.0,3.0,1.0,10.2,✔️ Entregue,-7.199999999999999
6a2b884993a2aac46c8ba18e,69.0,Criar Fluxo de Autenticação - Sprint 5,Atividade focada em criar o recurso de fluxo de autenticação.,alta,6a2b8501cf36b576d237ae72,Gabriela Pinto,DevMobile,Juliana Costa,2026-05-19,2026-05-21,,andamento,,,,,,10.0,2.0,9.9,🟡 Atrasado,0.09999999999999964
6a2b884993a2aac46c8ba14c,3.0,Testar Cache em Redis - Sprint 2,Atividade focada em testar o recurso de cache em redis.,media,6a2b8468cf36b576d237ae6c,Felipe Andrade,QA,Juliana Costa,2026-03-26,2026-03-27,2026-04-06,concluida,"Validação executada com sucesso. O fluxo correu perfeitamente e a integração local respondeu rápido, sem qualquer tipo de problema ou necessidade de ajuste.",,,,11.0,10.0,1.0,11.4,✔️ Entregue,-1.4000000000000004
6a2b884993a2aac46c8ba14d,4.0,Testar Componentes React - Sprint 8,Atividade focada em testar o recurso de componentes react.,media,6a2b8496cf36b576d237ae6d,Diego Martins,QA,Juliana Costa,2026-04-20,2026-04-21,2026-04-27,concluida,Conseguimos manter uma boa cobertura de testes unitários. Tivemos dificuldade em lidar com renderizações assíncronas ao simular cliques rápidos. Sugiro implementar mocks robustos com MSW.,,,,7.0,6.0,1.0,11.4,✔️ Entregue,-5.4
6a2b884993a2aac46c8ba151,8.0,Criar Scripts de Deploy - Sprint 2,Atividade focada em criar o recurso de scripts de deploy.,alta,6a2b84ddcf36b576d237ae70,Ana Ribeiro,Data Engineer,Juliana Costa,2026-04-20,2026-04-21,2026-04-30,concluida,Atividade finalizada com sucesso. A automação está funcionando conforme os requisitos e o deploy foi otimizado sem gargalos na esteira.,,,,10.0,9.0,1.0,9.9,✔️ Entregue,-0.9000000000000004
6a2b884993a2aac46c8ba152,9.0,Atualizar Acessibilidade (WCAG) - Sprint 1,Atividade focada em atualizar o recurso de acessibilidade (wcag).,media,6a2b84cbcf36b576d237ae6f,Henrique Alves,UX/UIDesigner,Juliana Costa,2026-05-05,2026-05-07,,andamento,,,,,,24.0,2.0,11.4,🔴 Crítico,12.6
6a2b884993a2aac46c8ba156,13.0,Refatorar API de Login - Sprint 5,Atividade focada em refatorar o recurso de api de login.,alta,6a2b8445cf36b576d237ae6b,Bruno Costa,DevBack-end,Juliana Costa,2026-05-08,2026-05-10,2026-05-18,concluida,Adicionamos criptografia rígida e otimizamos a resposta. Houve problemas ao invalidar sessões ativas geradas pela estrutura antiga. Sugiro planejar uma migração de tokens gradual.,,,,10.0,8.0,2.0,9.9,✔️ Entregue,-1.9000000000000004
6a2b884993a2aac46c8ba159,16.0,Documentar Exportação de Relatórios - Sprint 9,Atividade focada em documentar o recurso de exportação de relatórios.,baixa,6a2b84b4cf36b576d237ae6e,Camila Lopes,Produto,Juliana Costa,2026-05-26,,,pendente,,,,,,5.0,5.0,10.2,⚪ Pendente Normal,-5.199999999999999
6a2b884993a2aac46c8ba15a,17.0,Criar Dashboard - Sprint 5,Atividade focada em criar o recurso de dashboard.,media,6a2b84eecf36b576d237ae71,Eduarda Souza,DevFront-end,Juliana Costa,2026-03-31,2026-04-01,2026-04-07,concluida,Entregamos a visualização consolidada de métricas. A integração síncrona com múltiplos endpoints acabou degradando o carregamento da página. Sugiro trabalhar com carregamento sob demanda (lazy loading).,,,,7.0,6.0,1.0,11.4,✔️ Entregue,-5.4
6a2b884993a2aac46c8ba161,24.0,Testar Scripts de Deploy - Sprint 2,Atividade focada em testar o recurso de scripts de deploy.,alta,6a2b8468cf36b576d237ae6c,Felipe Andrade,QA,Juliana Costa,2026-05-08,2026-05-11,,andamento,,,,,,20.0,3.0,9.9,🔴 Crítico,10.1
6a2b884993a2aac46c8ba164,27.0,Criar API de Login - Sprint 2,Atividade focada em criar o recurso de api de login.,alta,6a2b8445cf36b576d237ae6b,Bruno Costa,DevBack-end,Juliana Costa,2026-05-26,,,pendente,,,,,,5.0,5.0,9.9,⚪ Pendente Normal,-4.9
6a2b884993a2aac46c8ba166,29.0,Testar Dashboard - Sprint 6,Atividade focada em testar o recurso de dashboard.,media,6a2b8496cf36b576d237ae6d,Diego Martins,QA,Juliana Costa,2026-05-15,,,pendente,,,,,,16.0,16.0,11.4,🔴 Crítico (Fila),4.6
6a2b884993a2aac46c8ba16f,38.0,Documentar Acessibilidade (WCAG) - Sprint 4,Atividade focada em documentar o recurso de acessibilidade (wcag).,baixa,6a2b84cbcf36b576d237ae6f,Henrique Alves,UX/UIDesigner,Juliana Costa,2026-05-12,2026-05-15,,andamento,,,,,,16.0,3.0,10.2,🟡 Atrasado,5.800000000000001
6a2b884993a2aac46c8ba172,41.0,Otimizar Exportação de Relatórios - Sprint 10,Atividade focada em otimizar o recurso de exportação de relatórios.,media,6a2b84b4cf36b576d237ae6e,Camila Lopes,Produto,Juliana Costa,2026-05-18,,,pendente,,,,,,13.0,13.0,11.4,🔴 Crítico (Fila),1.5999999999999996
6a2b884993a2aac46c8ba174,43.0,Testar Pipeline CI/CD - Sprint 4,Atividade focada em testar o recurso de pipeline ci/cd.,media,6a2b8496cf36b576d237ae6d,Diego Martins,QA,Juliana Costa,2026-05-27,,,pendente,,,,,,4.0,4.0,11.4,⚪ Pendente Normal,-7.4
6a2b884993a2aac46c8ba176,45.0,Testar Exportação de Relatórios - Sprint 10,Atividade focada em testar o recurso de exportação de relatórios.,media,6a2b8496cf36b576d237ae6d,Diego Martins,QA,Juliana Costa,2026-03-01,2026-03-03,2026-03-18,concluida,Os cenários cobriram relatórios vazios ou lotados. Encontramos quebra de caracteres e acentuações ao abrir arquivos CSV no Windows. Sugiro configurar o encoding UTF-8 com BOM no fluxo de escrita.,,,,17.0,15.0,2.0,11.4,✔️ Entregue,3.5999999999999996
6a2b884993a2aac46c8ba17f,54.0,Implementar Fluxo de Autenticação - Sprint 1,Atividade focada em implementar o recurso de fluxo de autenticação.,alta,6a2b8501cf36b576d237ae72,Gabriela Pinto,DevMobile,Juliana Costa,2026-05-25,2026-05-25,,andamento,,,,,,6.0,0.0,9.9,🟢 Dentro do Prazo,-3.9000000000000004
6a2b884993a2aac46c8ba189,64.0,Atualizar Exportação de Relatórios - Sprint 1,Atividade focada em atualizar o recurso de exportação de relatórios.,media,6a2b84b4cf36b576d237ae6e,Camila Lopes,Produto,Juliana Costa,2026-05-18,2026-05-22,,andamento,,,,,,9.0,4.0,11.4,🟢 Dentro do Prazo,-2.4000000000000004
6a2b884993a2aac46c8ba18b,66.0,Documentar Cache em Redis - Sprint 8,Atividade focada em documentar o recurso de cache em redis.,baixa,6a2b8445cf36b576d237ae6b,Bruno Costa,DevBack-end,Juliana Costa,2026-03-06,2026-03-08,2026-03-12,concluida,Guia completo descrevendo a arquitetura e chaves criado no repositório. O fluxo de documentação foi finalizado sem bloqueios técnicos.,,,,6.0,4.0,2.0,10.2,✔️ Entregue,-6.199999999999999
6a2b884993a2aac46c8ba18c,67.0,Atualizar Scripts de Deploy - Sprint 9,Atividade focada em atualizar o recurso de scripts de deploy.,alta,6a2b84ddcf36b576d237ae70,Ana Ribeiro,Data Engineer,Juliana Costa,2026-05-25,2026-05-26,,andamento,,,,,,5.0,1.0,9.9,🟢 Dentro do Prazo,-4.9
6a2b884993a2aac46c8ba192,73.0,Implementar Exportação de Relatórios - Sprint 10,Atividade focada em implementar o recurso de exportação de relatórios.,media,6a2b84b4cf36b576d237ae6e,Camila Lopes,Produto,Juliana Costa,2026-05-11,,,pendente,,,,,,20.0,20.0,11.4,🔴 Crítico (Fila),8.6
6a2b884993a2aac46c8ba193,74.0,Ajustar Dashboard - Sprint 6,Atividade focada em ajustar o recurso de dashboard.,media,6a2b84eecf36b576d237ae71,Eduarda Souza,DevFront-end,Juliana Costa,2026-03-03,2026-03-04,2026-03-09,concluida,Corrigimos os estouros visuais de layout que ocorriam em telas menores e tablets. Sincronizar os componentes em grades flexíveis foi complexo. Sugiro adotar o padrão Flexbox/Grid do Tailwind CSS.,,,,6.0,5.0,1.0,11.4,✔️ Entregue,-6.4
6a2b884993a2aac46c8ba155,12.0,Refatorar Microsserviços - Sprint 5,Atividade focada em refatorar o recurso de microsserviços.,media,6a2b8445cf36b576d237ae6b,Bruno Costa,DevBack-end,Juliana Costa,2026-03-10,2026-03-12,2026-03-25,concluida,A separação aumentou a legibilidade do código. O desafio foi garantir que os eventos legados continuassem funcionando. Sugiro implementar testes de contrato automatizados.,,,,15.0,13.0,2.0,11.4,✔️ Entregue,1.5999999999999996
6a2b884993a2aac46c8ba158,15.0,Criar Pipeline CI/CD - Sprint 6,Atividade focada em criar o recurso de pipeline ci/cd.,alta,6a2b84ddcf36b576d237ae70,Ana Ribeiro,Data Engineer,Juliana Costa,2026-04-21,2026-04-23,2026-05-10,concluida,Pipeline criado do zero para os novos serviços. A configuração de políticas de segurança no IAM consumiu mais tempo que o previsto. Sugiro criar templates reutilizáveis no Terraform.,,,,19.0,17.0,2.0,9.9,✔️ Entregue,7.1
6a2b884993a2aac46c8ba15b,18.0,Implementar Scripts de Deploy - Sprint 1,Atividade focada em implementar o recurso de scripts de deploy.,alta,6a2b84ddcf36b576d237ae70,Ana Ribeiro,Data Engineer,Juliana Costa,2026-05-12,2026-05-17,,andamento,,,,,,14.0,5.0,9.9,🟡 Atrasado,4.1
6a2b884993a2aac46c8ba15c,19.0,Criar Componentes React - Sprint 10,Atividade focada em criar o recurso de componentes react.,alta,6a2b84eecf36b576d237ae71,Eduarda Souza,DevFront-end,Juliana Costa,2026-05-21,2026-05-21,,andamento,,,,,,10.0,0.0,9.9,🟡 Atrasado,0.09999999999999964
6a2b884993a2aac46c8ba160,23.0,Revisar Fluxo de Autenticação - Sprint 4,Atividade focada em revisar o recurso de fluxo de autenticação.,alta,6a2b8501cf36b576d237ae72,Gabriela Pinto,DevMobile,Juliana Costa,2026-04-21,2026-04-22,2026-04-29,concluida,A revisão profunda ajudou a identificar brechas críticas em rotas que deveriam estar fechadas. Os patches de correção já foram aplicados com sucesso e a tarefa foi encerrada.,,,,8.0,7.0,1.0,9.9,✔️ Entregue,-2.9000000000000004
6a2b884993a2aac46c8ba163,26.0,Atualizar Componentes React - Sprint 5,Atividade focada em atualizar o recurso de componentes react.,media,6a2b84eecf36b576d237ae71,Eduarda Souza,DevFront-end,Juliana Costa,2026-05-06,2026-05-10,,andamento,,,,,,21.0,4.0,11.4,🟡 Atrasado,9.6
6a2b884993a2aac46c8ba167,30.0,Criar Testes de Integração - Sprint 5,Atividade focada em criar o recurso de testes de integração.,alta,6a2b8496cf36b576d237ae6d,Diego Martins,QA,Juliana Costa,2026-05-14,,,pendente,,,,,,17.0,17.0,9.9,🔴 Crítico (Fila),7.1
6a2b884993a2aac46c8ba168,31.0,Atualizar Scripts de Deploy - Sprint 6,Atividade focada em atualizar o recurso de scripts de deploy.,alta,6a2b84ddcf36b576d237ae70,Ana Ribeiro,Data Engineer,Juliana Costa,2026-05-08,2026-05-11,2026-05-31,concluida,Adicionamos notificações via Slack e tratamento estendido de falhas nos deploys de staging. O processo correu tranquilamente e sem impedimentos técnicos.,,,,23.0,20.0,3.0,9.9,✔️ Entregue,10.1
6a2b884993a2aac46c8ba169,32.0,Ajustar Pipeline CI/CD - Sprint 9,Atividade focada em ajustar o recurso de pipeline ci/cd.,alta,6a2b84ddcf36b576d237ae70,Ana Ribeiro,Data Engineer,Juliana Costa,2026-03-05,2026-03-08,2026-03-13,concluida,Ajustamos os gatilhos para evitar deploys acidentais em produção fora das janelas. O pipeline ficou mais lento devido às novas checagens. Sugiro paralelizar os passos independentes de linter.,,,,8.0,5.0,3.0,9.9,✔️ Entregue,-4.9
6a2b884993a2aac46c8ba16a,33.0,Analisar Componentes React - Sprint 5,Atividade focada em analisar o recurso de componentes react.,baixa,6a2b8468cf36b576d237ae6c,Felipe Andrade,QA,Juliana Costa,2026-03-24,2026-03-27,2026-04-01,concluida,A análise identificou uma alta taxa de duplicação de lógica visual em tabelas. A dificuldade foi mapear componentes aninhados. Sugiro criar um guia para componentes atômicos (Design System).,,,,8.0,5.0,3.0,10.2,✔️ Entregue,-5.199999999999999
6a2b884993a2aac46c8ba16b,34.0,Testar Tabelas no BD - Sprint 8,Atividade focada em testar o recurso de tabelas no bd.,media,6a2b8468cf36b576d237ae6c,Felipe Andrade,QA,Juliana Costa,2026-03-31,2026-04-01,2026-04-16,concluida,Validamos todos os novos índices criados para a busca por datas. As consultas de agregação responderam dentro do tempo limite estabelecido nos critérios de aceitação.,,,,16.0,15.0,1.0,11.4,✔️ Entregue,3.5999999999999996
6a2b884993a2aac46c8ba170,39.0,Testar Componentes React - Sprint 9,Atividade focada em testar o recurso de componentes react.,media,6a2b8496cf36b576d237ae6d,Diego Martins,QA,Juliana Costa,2026-05-03,2026-05-08,,andamento,,,,,,23.0,5.0,11.4,🔴 Crítico,11.6
6a2b884993a2aac46c8ba171,40.0,Ajustar Fluxo de Autenticação - Sprint 4,Atividade focada em ajustar o recurso de fluxo de autenticação.,alta,6a2b8501cf36b576d237ae72,Gabriela Pinto,DevMobile,Juliana Costa,2026-03-23,2026-03-26,2026-04-01,concluida,Adicionamos o mecanismo de refresh token. Isso gerou uma complexidade de sincronismo em requisições disparadas simultaneamente por abas distintas. Sugiro interceptar as chamadas do Axios para reter requisições paralelas.,,,,9.0,6.0,3.0,9.9,✔️ Entregue,-3.9000000000000004
6a2b884993a2aac46c8ba178,47.0,Testar Fluxo de Autenticação - Sprint 3,Atividade focada em testar o recurso de fluxo de autenticação.,alta,6a2b8468cf36b576d237ae6c,Felipe Andrade,QA,Juliana Costa,2026-05-05,2026-05-07,,andamento,,,,,,24.0,2.0,9.9,🔴 Crítico,14.1
6a2b884993a2aac46c8ba17c,51.0,Implementar Componentes React - Sprint 5,Atividade focada em implementar o recurso de componentes react.,alta,6a2b84eecf36b576d237ae71,Eduarda Souza,DevFront-end,Juliana Costa,2026-03-13,2026-03-14,2026-03-28,concluida,Finalizei as telas de gerenciamento de prazos com animações suaves de feedback. O desenvolvimento fluiu muito bem e a entrega está 100% aderente ao protótipo do Figma.,,,,15.0,14.0,1.0,9.9,✔️ Entregue,4.1
6a2b884993a2aac46c8ba182,57.0,Otimizar Scripts de Deploy - Sprint 8,Atividade focada em otimizar o recurso de scripts de deploy.,alta,6a2b84ddcf36b576d237ae70,Ana Ribeiro,Data Engineer,Juliana Costa,2026-05-27,,,pendente,,,,,,4.0,4.0,9.9,⚪ Pendente Normal,-5.9
6a2b884993a2aac46c8ba184,59.0,Revisar Dashboard - Sprint 3,Atividade focada em revisar o recurso de dashboard.,media,6a2b84eecf36b576d237ae71,Eduarda Souza,DevFront-end,Juliana Costa,2026-03-08,2026-03-11,2026-03-15,concluida,Identificamos consultas pesadas no back-end disparadas repetidamente a cada mudança de aba no front. Sugiro implementar uma camada de cache local no front-end utilizando React Query.,,,,7.0,4.0,3.0,11.4,✔️ Entregue,-7.4
6a2b884993a2aac46c8ba185,60.0,Ajustar Testes de Integração - Sprint 7,Atividade focada em ajustar o recurso de testes de integração.,alta,6a2b8468cf36b576d237ae6c,Felipe Andrade,QA,Juliana Costa,2026-04-09,2026-04-11,2026-04-17,concluida,Corrigi os testes intermitentes que quebravam aleatoriamente na esteira por lentidão na inicialização do banco. Sugiro implementar um script de healthcheck que atrase o início dos testes até o banco responder.,,,,8.0,6.0,2.0,9.9,✔️ Entregue,-3.9000000000000004
6a2b884993a2aac46c8ba18f,70.0,Documentar Exportação de Relatórios - Sprint 4,Atividade focada em documentar o recurso de exportação de relatórios.,baixa,6a2b84b4cf36b576d237ae6e,Camila Lopes,Produto,Juliana Costa,2026-04-06,2026-04-07,2026-04-11,concluida,Geramos os manuais de rotas e payloads aceitos pelo microsserviço de relatórios. O escopo estava muito bem delimitado e a escrita seguiu o planejado.,,,,5.0,4.0,1.0,10.2,✔️ Entregue,-6.199999999999999
6a2b884993a2aac46c8ba195,76.0,Atualizar Fluxo de Autenticação - Sprint 10,Atividade focada em atualizar o recurso de fluxo de autenticação.,alta,6a2b8501cf36b576d237ae72,Gabriela Pinto,DevMobile,Juliana Costa,2026-04-14,2026-04-16,2026-04-25,concluida,Focamos na melhoria do tratamento do timeout de requisições. O maior desafio foi sincronizar a expiração visual com o descarte do token no back-end. Sugiro exibir um aviso visual em tela faltando 1 minuto.,,,,11.0,9.0,2.0,9.9,✔️ Entregue,-0.9000000000000004
6a2b8bff17b0933836c1f977,,Validar Arquitetura do TaskInsight,Testar a fiação dos controladores de tarefas e históricos com o Atlas.,alta,6a2b8b6d17b0933836c1f976,Milenna Xavier,,Juliana Costa,,2026-06-11,2026-06-15,concluida,Integração realizada com sucesso. A refatoração para user_id blindou a segurança das rotas perfeitamente.,2026-06-12 04:33:03.195,2026-06-12 04:38:14.840,0.0,,4.0,,9.9,✔️ Entregue,-5.9
